cohort_month,activity_month,cohort_size,customers_active,month_0_active_customers,retained_month_0_customers,late_activation_customers,month_0_activation_rate,signup_activity_rate,retained_from_month_0_rate,cohort_revenue,average_revenue_per_active_customer
2023-01-01,2023-01-01,126,67,67,67,0,0.531746,0.531746,1.0,65387.41,975.93
2023-01-01,2023-02-01,126,68,67,35,33,0.531746,0.539683,0.522388,94943.6,1396.23
2023-01-01,2023-03-01,126,48,67,25,23,0.531746,0.380952,0.373134,69763.8,1453.41
2023-01-01,2023-04-01,126,48,67,26,22,0.531746,0.380952,0.38806,71892.4,1497.76
2023-01-01,2023-05-01,126,47,67,22,25,0.531746,0.373016,0.328358,61741.63,1313.65
2023-01-01,2023-06-01,126,37,67,24,13,0.531746,0.293651,0.358209,43923.78,1187.13
2023-01-01,2023-07-01,126,38,67,26,12,0.531746,0.301587,0.38806,82660.49,2175.28
2023-01-01,2023-08-01,126,38,67,23,15,0.531746,0.301587,0.343284,57521.09,1513.71
2023-01-01,2023-09-01,126,35,67,24,11,0.531746,0.277778,0.358209,37119.55,1060.56
2023-01-01,2023-10-01,126,30,67,19,11,0.531746,0.238095,0.283582,27706.4,923.55
2023-01-01,2023-11-01,126,33,67,22,11,0.531746,0.261905,0.328358,38158.15,1156.31
2023-01-01,2023-12-01,126,29,67,18,11,0.531746,0.230159,0.268657,33103.42,1141.5
2023-01-01,2024-01-01,126,32,67,23,9,0.531746,0.253968,0.343284,41968.63,1311.52
2023-01-01,2024-02-01,126,25,67,15,10,0.531746,0.198413,0.223881,17002.71,680.11
2023-01-01,2024-03-01,126,24,67,15,9,0.531746,0.190476,0.223881,30160.61,1256.69
2023-01-01,2024-04-01,126,27,67,18,9,0.531746,0.214286,0.268657,42193.68,1562.73
2023-01-01,2024-05-01,126,24,67,19,5,0.531746,0.190476,0.283582,29087.69,1211.99
2023-01-01,2024-06-01,126,21,67,16,5,0.531746,0.166667,0.238806,22540.42,1073.35
2023-01-01,2024-07-01,126,17,67,12,5,0.531746,0.134921,0.179104,9772.06,574.83
2023-01-01,2024-08-01,126,17,67,14,3,0.531746,0.134921,0.208955,15718.16,924.6
2023-01-01,2024-09-01,126,18,67,11,7,0.531746,0.142857,0.164179,14114.88,784.16
2023-01-01,2024-10-01,126,18,67,15,3,0.531746,0.142857,0.223881,16582.5,921.25
2023-01-01,2024-11-01,126,14,67,11,3,0.531746,0.111111,0.164179,22526.27,1609.02
2023-01-01,2024-12-01,126,13,67,10,3,0.531746,0.103175,0.149254,8426.38,648.18
2023-01-01,2025-01-01,126,13,67,10,3,0.531746,0.103175,0.149254,9020.9,693.92
2023-01-01,2025-02-01,126,12,67,9,3,0.531746,0.095238,0.134328,9265.69,772.14
2023-01-01,2025-03-01,126,14,67,11,3,0.531746,0.111111,0.164179,15700.14,1121.44
2023-01-01,2025-04-01,126,10,67,6,4,0.531746,0.079365,0.089552,13613.73,1361.37
2023-01-01,2025-05-01,126,14,67,11,3,0.531746,0.111111,0.164179,14743.95,1053.14
2023-01-01,2025-06-01,126,12,67,9,3,0.531746,0.095238,0.134328,14691.21,1224.27
2023-01-01,2025-07-01,126,9,67,7,2,0.531746,0.071429,0.104478,6445.27,716.14
2023-01-01,2025-08-01,126,9,67,7,2,0.531746,0.071429,0.104478,12322.29,1369.14
2023-01-01,2025-09-01,126,9,67,6,3,0.531746,0.071429,0.089552,6513.95,723.77
2023-01-01,2025-10-01,126,10,67,7,3,0.531746,0.079365,0.104478,7071.67,707.17
2023-01-01,2025-11-01,126,6,67,4,2,0.531746,0.047619,0.059701,5853.48,975.58
2023-01-01,2025-12-01,126,8,67,8,0,0.531746,0.063492,0.119403,15083.39,1885.42
2023-02-01,2023-02-01,125,57,57,57,0,0.456,0.456,1.0,65511.11,1149.32
2023-02-01,2023-03-01,125,55,57,28,27,0.456,0.44,0.491228,66742.22,1213.49
2023-02-01,2023-04-01,125,58,57,24,34,0.456,0.464,0.421053,42360.36,730.35
2023-02-01,2023-05-01,125,56,57,28,28,0.456,0.448,0.491228,86224.28,1539.72
2023-02-01,2023-06-01,125,52,57,24,28,0.456,0.416,0.421053,70715.46,1359.91
2023-02-01,2023-07-01,125,40,57,20,20,0.456,0.32,0.350877,81885.76,2047.14
2023-02-01,2023-08-01,125,45,57,24,21,0.456,0.36,0.421053,61397.52,1364.39
2023-02-01,2023-09-01,125,33,57,16,17,0.456,0.264,0.280702,74418.13,2255.09
2023-02-01,2023-10-01,125,33,57,14,19,0.456,0.264,0.245614,49370.18,1496.07
2023-02-01,2023-11-01,125,31,57,13,18,0.456,0.248,0.22807,80193.36,2586.88
2023-02-01,2023-12-01,125,28,57,13,15,0.456,0.224,0.22807,53073.19,1895.47
2023-02-01,2024-01-01,125,29,57,11,18,0.456,0.232,0.192982,34410.91,1186.58
2023-02-01,2024-02-01,125,26,57,13,13,0.456,0.208,0.22807,42696.99,1642.19
2023-02-01,2024-03-01,125,24,57,8,16,0.456,0.192,0.140351,31723.58,1321.82
2023-02-01,2024-04-01,125,24,57,9,15,0.456,0.192,0.157895,51071.88,2128.0
2023-02-01,2024-05-01,125,28,57,9,19,0.456,0.224,0.157895,60188.13,2149.58
2023-02-01,2024-06-01,125,16,57,3,13,0.456,0.128,0.052632,26038.49,1627.41
2023-02-01,2024-07-01,125,23,57,8,15,0.456,0.184,0.140351,36169.67,1572.59
2023-02-01,2024-08-01,125,21,57,9,12,0.456,0.168,0.157895,33816.02,1610.29
2023-02-01,2024-09-01,125,12,57,4,8,0.456,0.096,0.070175,40562.92,3380.24
2023-02-01,2024-10-01,125,17,57,6,11,0.456,0.136,0.105263,34411.18,2024.19
2023-02-01,2024-11-01,125,16,57,5,11,0.456,0.128,0.087719,30384.9,1899.06
2023-02-01,2024-12-01,125,17,57,5,12,0.456,0.136,0.087719,21833.71,1284.34
2023-02-01,2025-01-01,125,15,57,5,10,0.456,0.12,0.087719,29568.79,1971.25
2023-02-01,2025-02-01,125,13,57,4,9,0.456,0.104,0.070175,7019.24,539.94
2023-02-01,2025-03-01,125,10,57,4,6,0.456,0.08,0.070175,25843.13,2584.31
2023-02-01,2025-04-01,125,14,57,5,9,0.456,0.112,0.087719,22386.73,1599.05
2023-02-01,2025-05-01,125,11,57,5,6,0.456,0.088,0.087719,10529.78,957.25
2023-02-01,2025-06-01,125,10,57,4,6,0.456,0.08,0.070175,17161.3,1716.13
2023-02-01,2025-07-01,125,14,57,5,9,0.456,0.112,0.087719,18444.35,1317.45
2023-02-01,2025-08-01,125,9,57,1,8,0.456,0.072,0.017544,22033.34,2448.15
2023-02-01,2025-09-01,125,9,57,1,8,0.456,0.072,0.017544,7427.27,825.25
2023-02-01,2025-10-01,125,10,57,1,9,0.456,0.08,0.017544,15084.81,1508.48
2023-02-01,2025-11-01,125,8,57,3,5,0.456,0.064,0.052632,7325.7,915.71
2023-02-01,2025-12-01,125,6,57,2,4,0.456,0.048,0.035088,3703.66,617.28
2023-03-01,2023-03-01,161,90,90,90,0,0.559006,0.559006,1.0,96766.25,1075.18
2023-03-01,2023-04-01,161,85,90,50,35,0.559006,0.52795,0.555556,119269.99,1403.18
2023-03-01,2023-05-01,161,77,90,44,33,0.559006,0.478261,0.488889,79650.19,1034.42
2023-03-01,2023-06-01,161,69,90,45,24,0.559006,0.428571,0.5,88079.86,1276.52
2023-03-01,2023-07-01,161,67,90,38,29,0.559006,0.416149,0.422222,98207.4,1465.78
2023-03-01,2023-08-01,161,67,90,40,27,0.559006,0.416149,0.444444,74052.4,1105.26
2023-03-01,2023-09-01,161,56,90,35,21,0.559006,0.347826,0.388889,66410.47,1185.9
2023-03-01,2023-10-01,161,53,90,32,21,0.559006,0.329193,0.355556,95687.6,1805.43
2023-03-01,2023-11-01,161,42,90,26,16,0.559006,0.26087,0.288889,48460.45,1153.82
2023-03-01,2023-12-01,161,36,90,24,12,0.559006,0.223602,0.266667,40925.39,1136.82
2023-03-01,2024-01-01,161,45,90,30,15,0.559006,0.279503,0.333333,39510.88,878.02
2023-03-01,2024-02-01,161,32,90,18,14,0.559006,0.198758,0.2,60227.92,1882.12
2023-03-01,2024-03-01,161,43,90,23,20,0.559006,0.267081,0.255556,54918.83,1277.18
2023-03-01,2024-04-01,161,36,90,24,12,0.559006,0.223602,0.266667,52696.94,1463.8
2023-03-01,2024-05-01,161,31,90,17,14,0.559006,0.192547,0.188889,47865.83,1544.06
2023-03-01,2024-06-01,161,24,90,17,7,0.559006,0.149068,0.188889,20513.85,854.74
2023-03-01,2024-07-01,161,27,90,15,12,0.559006,0.167702,0.166667,59274.02,2195.33
2023-03-01,2024-08-01,161,23,90,14,9,0.559006,0.142857,0.155556,40503.28,1761.01
2023-03-01,2024-09-01,161,17,90,13,4,0.559006,0.10559,0.144444,31505.85,1853.29
2023-03-01,2024-10-01,161,23,90,14,9,0.559006,0.142857,0.155556,15499.32,673.88
2023-03-01,2024-11-01,161,16,90,10,6,0.559006,0.099379,0.111111,29251.51,1828.22
2023-03-01,2024-12-01,161,17,90,11,6,0.559006,0.10559,0.122222,22921.81,1348.34
2023-03-01,2025-01-01,161,15,90,9,6,0.559006,0.093168,0.1,26581.23,1772.08
2023-03-01,2025-02-01,161,19,90,16,3,0.559006,0.118012,0.177778,51419.63,2706.3
2023-03-01,2025-03-01,161,19,90,16,3,0.559006,0.118012,0.177778,21215.59,1116.61
2023-03-01,2025-04-01,161,17,90,9,8,0.559006,0.10559,0.1,32715.5,1924.44
2023-03-01,2025-05-01,161,18,90,13,5,0.559006,0.111801,0.144444,31145.65,1730.31
2023-03-01,2025-06-01,161,13,90,9,4,0.559006,0.080745,0.1,18305.72,1408.13
2023-03-01,2025-07-01,161,12,90,6,6,0.559006,0.074534,0.066667,13352.63,1112.72
2023-03-01,2025-08-01,161,15,90,12,3,0.559006,0.093168,0.133333,19903.68,1326.91
2023-03-01,2025-09-01,161,16,90,11,5,0.559006,0.099379,0.122222,16694.44,1043.4
2023-03-01,2025-10-01,161,14,90,10,4,0.559006,0.086957,0.111111,22393.84,1599.56
2023-03-01,2025-11-01,161,13,90,9,4,0.559006,0.080745,0.1,18129.28,1394.56
2023-03-01,2025-12-01,161,14,90,10,4,0.559006,0.086957,0.111111,17589.67,1256.4
2023-04-01,2023-04-01,155,74,74,74,0,0.477419,0.477419,1.0,122192.6,1651.25
2023-04-01,2023-05-01,155,78,74,43,35,0.477419,0.503226,0.581081,96125.0,1232.37
2023-04-01,2023-06-01,155,77,74,40,37,0.477419,0.496774,0.540541,110735.48,1438.12
2023-04-01,2023-07-01,155,67,74,38,29,0.477419,0.432258,0.513514,76847.77,1146.98
2023-04-01,2023-08-01,155,59,74,29,30,0.477419,0.380645,0.391892,59153.84,1002.61
2023-04-01,2023-09-01,155,62,74,38,24,0.477419,0.4,0.513514,87984.71,1419.11
2023-04-01,2023-10-01,155,55,74,32,23,0.477419,0.354839,0.432432,95536.06,1737.02
2023-04-01,2023-11-01,155,45,74,26,19,0.477419,0.290323,0.351351,66729.78,1482.88
2023-04-01,2023-12-01,155,49,74,31,18,0.477419,0.316129,0.418919,69351.95,1415.35
2023-04-01,2024-01-01,155,34,74,18,16,0.477419,0.219355,0.243243,33450.34,983.83
2023-04-01,2024-02-01,155,43,74,26,17,0.477419,0.277419,0.351351,68717.89,1598.09
2023-04-01,2024-03-01,155,27,74,17,10,0.477419,0.174194,0.22973,18374.27,680.53
2023-04-01,2024-04-01,155,31,74,18,13,0.477419,0.2,0.243243,27634.72,891.44
2023-04-01,2024-05-01,155,24,74,12,12,0.477419,0.154839,0.162162,13888.16,578.67
2023-04-01,2024-06-01,155,25,74,18,7,0.477419,0.16129,0.243243,43619.23,1744.77
2023-04-01,2024-07-01,155,24,74,14,10,0.477419,0.154839,0.189189,28423.17,1184.3
2023-04-01,2024-08-01,155,25,74,19,6,0.477419,0.16129,0.256757,49534.0,1981.36
2023-04-01,2024-09-01,155,21,74,13,8,0.477419,0.135484,0.175676,36553.26,1740.63
2023-04-01,2024-10-01,155,14,74,9,5,0.477419,0.090323,0.121622,17524.75,1251.77
2023-04-01,2024-11-01,155,20,74,13,7,0.477419,0.129032,0.175676,24669.87,1233.49
2023-04-01,2024-12-01,155,17,74,10,7,0.477419,0.109677,0.135135,21568.86,1268.76
2023-04-01,2025-01-01,155,15,74,10,5,0.477419,0.096774,0.135135,24389.93,1626.0
2023-04-01,2025-02-01,155,12,74,8,4,0.477419,0.077419,0.108108,12692.92,1057.74
2023-04-01,2025-03-01,155,16,74,8,8,0.477419,0.103226,0.108108,53342.85,3333.93
2023-04-01,2025-04-01,155,12,74,7,5,0.477419,0.077419,0.094595,62417.52,5201.46
2023-04-01,2025-05-01,155,12,74,7,5,0.477419,0.077419,0.094595,17932.06,1494.34
2023-04-01,2025-06-01,155,9,74,6,3,0.477419,0.058065,0.081081,14155.04,1572.78
2023-04-01,2025-07-01,155,14,74,7,7,0.477419,0.090323,0.094595,68881.06,4920.08
2023-04-01,2025-08-01,155,12,74,8,4,0.477419,0.077419,0.108108,32606.84,2717.24
2023-04-01,2025-09-01,155,7,74,5,2,0.477419,0.045161,0.067568,16546.14,2363.73
2023-04-01,2025-10-01,155,9,74,5,4,0.477419,0.058065,0.067568,12062.51,1340.28
2023-04-01,2025-11-01,155,11,74,7,4,0.477419,0.070968,0.094595,20106.45,1827.86
2023-04-01,2025-12-01,155,10,74,7,3,0.477419,0.064516,0.094595,15922.85,1592.28
2023-05-01,2023-05-01,145,71,71,71,0,0.489655,0.489655,1.0,93446.85,1316.15
2023-05-01,2023-06-01,145,83,71,45,38,0.489655,0.572414,0.633803,104117.03,1254.42
2023-05-01,2023-07-01,145,82,71,43,39,0.489655,0.565517,0.605634,51829.11,632.06
2023-05-01,2023-08-01,145,55,71,28,27,0.489655,0.37931,0.394366,73010.75,1327.47
2023-05-01,2023-09-01,145,53,71,27,26,0.489655,0.365517,0.380282,52584.77,992.17
2023-05-01,2023-10-01,145,52,71,30,22,0.489655,0.358621,0.422535,69299.75,1332.69
2023-05-01,2023-11-01,145,51,71,26,25,0.489655,0.351724,0.366197,106943.98,2096.94
2023-05-01,2023-12-01,145,48,71,21,27,0.489655,0.331034,0.295775,92887.52,1935.16
2023-05-01,2024-01-01,145,39,71,22,17,0.489655,0.268966,0.309859,84304.98,2161.67
2023-05-01,2024-02-01,145,36,71,13,23,0.489655,0.248276,0.183099,66563.21,1848.98
2023-05-01,2024-03-01,145,33,71,19,14,0.489655,0.227586,0.267606,37602.97,1139.48
2023-05-01,2024-04-01,145,30,71,17,13,0.489655,0.206897,0.239437,57120.6,1904.02
2023-05-01,2024-05-01,145,28,71,12,16,0.489655,0.193103,0.169014,78211.87,2793.28
2023-05-01,2024-06-01,145,29,71,15,14,0.489655,0.2,0.211268,45175.91,1557.79
2023-05-01,2024-07-01,145,26,71,12,14,0.489655,0.17931,0.169014,22293.27,857.43
2023-05-01,2024-08-01,145,17,71,11,6,0.489655,0.117241,0.15493,13650.91,802.99
2023-05-01,2024-09-01,145,19,71,7,12,0.489655,0.131034,0.098592,67329.09,3543.64
2023-05-01,2024-10-01,145,21,71,9,12,0.489655,0.144828,0.126761,52601.7,2504.84
2023-05-01,2024-11-01,145,20,71,10,10,0.489655,0.137931,0.140845,32195.04,1609.75
2023-05-01,2024-12-01,145,18,71,8,10,0.489655,0.124138,0.112676,38537.92,2141.0
2023-05-01,2025-01-01,145,11,71,5,6,0.489655,0.075862,0.070423,3452.94,313.9
2023-05-01,2025-02-01,145,14,71,4,10,0.489655,0.096552,0.056338,16831.29,1202.24
2023-05-01,2025-03-01,145,16,71,7,9,0.489655,0.110345,0.098592,52402.08,3275.13
2023-05-01,2025-04-01,145,15,71,10,5,0.489655,0.103448,0.140845,12670.45,844.7
2023-05-01,2025-05-01,145,16,71,6,10,0.489655,0.110345,0.084507,16685.52,1042.84
2023-05-01,2025-06-01,145,13,71,7,6,0.489655,0.089655,0.098592,24943.96,1918.77
2023-05-01,2025-07-01,145,13,71,7,6,0.489655,0.089655,0.098592,35279.38,2713.8
2023-05-01,2025-08-01,145,12,71,5,7,0.489655,0.082759,0.070423,19036.43,1586.37
2023-05-01,2025-09-01,145,12,71,6,6,0.489655,0.082759,0.084507,10475.03,872.92
2023-05-01,2025-10-01,145,14,71,5,9,0.489655,0.096552,0.070423,20515.11,1465.36
2023-05-01,2025-11-01,145,8,71,5,3,0.489655,0.055172,0.070423,11052.39,1381.55
2023-05-01,2025-12-01,145,16,71,7,9,0.489655,0.110345,0.098592,22736.78,1421.05
2023-06-01,2023-06-01,140,78,78,78,0,0.557143,0.557143,1.0,106844.73,1369.8
2023-06-01,2023-07-01,140,68,78,35,33,0.557143,0.485714,0.448718,50951.4,749.29
2023-06-01,2023-08-01,140,58,78,29,29,0.557143,0.414286,0.371795,57510.05,991.55
2023-06-01,2023-09-01,140,62,78,29,33,0.557143,0.442857,0.371795,89186.92,1438.5
2023-06-01,2023-10-01,140,45,78,26,19,0.557143,0.321429,0.333333,76430.75,1698.46
2023-06-01,2023-11-01,140,50,78,29,21,0.557143,0.357143,0.371795,91799.13,1835.98
2023-06-01,2023-12-01,140,53,78,31,22,0.557143,0.378571,0.397436,108673.43,2050.44
2023-06-01,2024-01-01,140,36,78,23,13,0.557143,0.257143,0.294872,45917.11,1275.48
2023-06-01,2024-02-01,140,41,78,27,14,0.557143,0.292857,0.346154,47790.27,1165.62
2023-06-01,2024-03-01,140,37,78,20,17,0.557143,0.264286,0.25641,63750.57,1722.99
2023-06-01,2024-04-01,140,37,78,21,16,0.557143,0.264286,0.269231,65212.49,1762.5
2023-06-01,2024-05-01,140,36,78,21,15,0.557143,0.257143,0.269231,65117.8,1808.83
2023-06-01,2024-06-01,140,31,78,21,10,0.557143,0.221429,0.269231,73546.09,2372.45
2023-06-01,2024-07-01,140,35,78,22,13,0.557143,0.25,0.282051,22930.71,655.16
2023-06-01,2024-08-01,140,25,78,16,9,0.557143,0.178571,0.205128,33646.96,1345.88
2023-06-01,2024-09-01,140,21,78,11,10,0.557143,0.15,0.141026,36116.79,1719.85
2023-06-01,2024-10-01,140,20,78,12,8,0.557143,0.142857,0.153846,25178.71,1258.94
2023-06-01,2024-11-01,140,18,78,14,4,0.557143,0.128571,0.179487,29914.66,1661.93
2023-06-01,2024-12-01,140,24,78,15,9,0.557143,0.171429,0.192308,51818.22,2159.09
2023-06-01,2025-01-01,140,20,78,11,9,0.557143,0.142857,0.141026,26466.32,1323.32
2023-06-01,2025-02-01,140,18,78,12,6,0.557143,0.128571,0.153846,28518.83,1584.38
2023-06-01,2025-03-01,140,13,78,10,3,0.557143,0.092857,0.128205,20376.89,1567.45
2023-06-01,2025-04-01,140,12,78,10,2,0.557143,0.085714,0.128205,11772.66,981.06
2023-06-01,2025-05-01,140,17,78,11,6,0.557143,0.121429,0.141026,32042.32,1884.84
2023-06-01,2025-06-01,140,11,78,6,5,0.557143,0.078571,0.076923,23795.92,2163.27
2023-06-01,2025-07-01,140,9,78,5,4,0.557143,0.064286,0.064103,18399.25,2044.36
2023-06-01,2025-08-01,140,13,78,7,6,0.557143,0.092857,0.089744,26629.75,2048.44
2023-06-01,2025-09-01,140,10,78,4,6,0.557143,0.071429,0.051282,18161.01,1816.1
2023-06-01,2025-10-01,140,9,78,4,5,0.557143,0.064286,0.051282,18157.28,2017.48
2023-06-01,2025-11-01,140,8,78,4,4,0.557143,0.057143,0.051282,12221.57,1527.7
2023-06-01,2025-12-01,140,7,78,3,4,0.557143,0.05,0.038462,4701.99,671.71
2023-07-01,2023-07-01,145,69,69,69,0,0.475862,0.475862,1.0,80562.15,1167.57
2023-07-01,2023-08-01,145,70,69,34,36,0.475862,0.482759,0.492754,46615.56,665.94
2023-07-01,2023-09-01,145,78,69,38,40,0.475862,0.537931,0.550725,83712.95,1073.24
2023-07-01,2023-10-01,145,66,69,36,30,0.475862,0.455172,0.521739,77643.24,1176.41
2023-07-01,2023-11-01,145,61,69,33,28,0.475862,0.42069,0.478261,80426.49,1318.47
2023-07-01,2023-12-01,145,52,69,24,28,0.475862,0.358621,0.347826,86716.33,1667.62
2023-07-01,2024-01-01,145,45,69,21,24,0.475862,0.310345,0.304348,47676.4,1059.48
2023-07-01,2024-02-01,145,37,69,21,16,0.475862,0.255172,0.304348,39615.0,1070.68
2023-07-01,2024-03-01,145,41,69,21,20,0.475862,0.282759,0.304348,64846.81,1581.63
2023-07-01,2024-04-01,145,41,69,22,19,0.475862,0.282759,0.318841,44589.18,1087.54
2023-07-01,2024-05-01,145,31,69,14,17,0.475862,0.213793,0.202899,19787.67,638.31
2023-07-01,2024-06-01,145,26,69,17,9,0.475862,0.17931,0.246377,41505.41,1596.36
2023-07-01,2024-07-01,145,32,69,20,12,0.475862,0.22069,0.289855,42904.27,1340.76
2023-07-01,2024-08-01,145,30,69,18,12,0.475862,0.206897,0.26087,23418.3,780.61
2023-07-01,2024-09-01,145,27,69,13,14,0.475862,0.186207,0.188406,80778.21,2991.79
2023-07-01,2024-10-01,145,23,69,16,7,0.475862,0.158621,0.231884,55070.95,2394.39
2023-07-01,2024-11-01,145,21,69,13,8,0.475862,0.144828,0.188406,21471.76,1022.46
2023-07-01,2024-12-01,145,30,69,17,13,0.475862,0.206897,0.246377,91912.25,3063.74
2023-07-01,2025-01-01,145,23,69,18,5,0.475862,0.158621,0.26087,48986.75,2129.86
2023-07-01,2025-02-01,145,23,69,16,7,0.475862,0.158621,0.231884,28293.95,1230.17
2023-07-01,2025-03-01,145,21,69,13,8,0.475862,0.144828,0.188406,24588.9,1170.9
2023-07-01,2025-04-01,145,22,69,17,5,0.475862,0.151724,0.246377,27590.12,1254.1
2023-07-01,2025-05-01,145,18,69,10,8,0.475862,0.124138,0.144928,31451.07,1747.28
2023-07-01,2025-06-01,145,20,69,13,7,0.475862,0.137931,0.188406,25887.08,1294.35
2023-07-01,2025-07-01,145,15,69,11,4,0.475862,0.103448,0.15942,37133.42,2475.56
2023-07-01,2025-08-01,145,15,69,8,7,0.475862,0.103448,0.115942,14025.82,935.05
2023-07-01,2025-09-01,145,15,69,9,6,0.475862,0.103448,0.130435,21883.87,1458.92
2023-07-01,2025-10-01,145,14,69,10,4,0.475862,0.096552,0.144928,7985.37,570.38
2023-07-01,2025-11-01,145,11,69,7,4,0.475862,0.075862,0.101449,32229.57,2929.96
2023-07-01,2025-12-01,145,12,69,7,5,0.475862,0.082759,0.101449,62883.75,5240.31
2023-08-01,2023-08-01,156,84,84,84,0,0.538462,0.538462,1.0,94049.73,1119.64
2023-08-01,2023-09-01,156,72,84,37,35,0.538462,0.461538,0.440476,91496.73,1270.79
2023-08-01,2023-10-01,156,61,84,33,28,0.538462,0.391026,0.392857,71793.61,1176.94
2023-08-01,2023-11-01,156,67,84,39,28,0.538462,0.429487,0.464286,119166.06,1778.6
2023-08-01,2023-12-01,156,59,84,33,26,0.538462,0.378205,0.392857,96116.14,1629.09
2023-08-01,2024-01-01,156,56,84,30,26,0.538462,0.358974,0.357143,58790.17,1049.82
2023-08-01,2024-02-01,156,60,84,35,25,0.538462,0.384615,0.416667,100821.3,1680.36
2023-08-01,2024-03-01,156,60,84,29,31,0.538462,0.384615,0.345238,71363.62,1189.39
2023-08-01,2024-04-01,156,50,84,26,24,0.538462,0.320513,0.309524,51644.67,1032.89
2023-08-01,2024-05-01,156,49,84,28,21,0.538462,0.314103,0.333333,45108.53,920.58
2023-08-01,2024-06-01,156,37,84,21,16,0.538462,0.237179,0.25,40307.68,1089.4
2023-08-01,2024-07-01,156,23,84,14,9,0.538462,0.147436,0.166667,23591.4,1025.71
2023-08-01,2024-08-01,156,34,84,20,14,0.538462,0.217949,0.238095,38706.27,1138.42
2023-08-01,2024-09-01,156,36,84,22,14,0.538462,0.230769,0.261905,41496.96,1152.69
2023-08-01,2024-10-01,156,29,84,15,14,0.538462,0.185897,0.178571,27614.76,952.23
2023-08-01,2024-11-01,156,28,84,14,14,0.538462,0.179487,0.166667,30036.6,1072.74
2023-08-01,2024-12-01,156,22,84,12,10,0.538462,0.141026,0.142857,28814.05,1309.73
2023-08-01,2025-01-01,156,17,84,10,7,0.538462,0.108974,0.119048,23906.06,1406.24
2023-08-01,2025-02-01,156,24,84,11,13,0.538462,0.153846,0.130952,22886.17,953.59
2023-08-01,2025-03-01,156,27,84,17,10,0.538462,0.173077,0.202381,35683.62,1321.62
2023-08-01,2025-04-01,156,23,84,14,9,0.538462,0.147436,0.166667,20220.69,879.16
2023-08-01,2025-05-01,156,25,84,15,10,0.538462,0.160256,0.178571,47887.01,1915.48
2023-08-01,2025-06-01,156,21,84,12,9,0.538462,0.134615,0.142857,20993.49,999.69
2023-08-01,2025-07-01,156,15,84,7,8,0.538462,0.096154,0.083333,15171.56,1011.44
2023-08-01,2025-08-01,156,13,84,6,7,0.538462,0.083333,0.071429,22441.33,1726.26
2023-08-01,2025-09-01,156,18,84,8,10,0.538462,0.115385,0.095238,19276.6,1070.92
2023-08-01,2025-10-01,156,15,84,7,8,0.538462,0.096154,0.083333,28250.23,1883.35
2023-08-01,2025-11-01,156,17,84,7,10,0.538462,0.108974,0.083333,21024.87,1236.76
2023-08-01,2025-12-01,156,13,84,8,5,0.538462,0.083333,0.095238,32317.23,2485.94
2023-09-01,2023-09-01,142,75,75,75,0,0.528169,0.528169,1.0,102052.94,1360.71
2023-09-01,2023-10-01,142,70,75,38,32,0.528169,0.492958,0.506667,93438.97,1334.84
2023-09-01,2023-11-01,142,63,75,37,26,0.528169,0.443662,0.493333,82144.95,1303.89
2023-09-01,2023-12-01,142,54,75,30,24,0.528169,0.380282,0.4,97049.73,1797.22
2023-09-01,2024-01-01,142,46,75,18,28,0.528169,0.323944,0.24,46196.93,1004.28
2023-09-01,2024-02-01,142,48,75,25,23,0.528169,0.338028,0.333333,62979.48,1312.07
2023-09-01,2024-03-01,142,40,75,24,16,0.528169,0.28169,0.32,69348.38,1733.71
2023-09-01,2024-04-01,142,46,75,25,21,0.528169,0.323944,0.333333,57138.01,1242.13
2023-09-01,2024-05-01,142,47,75,23,24,0.528169,0.330986,0.306667,75597.55,1608.46
2023-09-01,2024-06-01,142,45,75,23,22,0.528169,0.316901,0.306667,72546.28,1612.14
2023-09-01,2024-07-01,142,31,75,17,14,0.528169,0.21831,0.226667,29886.06,964.07
2023-09-01,2024-08-01,142,34,75,17,17,0.528169,0.239437,0.226667,55533.86,1633.35
2023-09-01,2024-09-01,142,32,75,19,13,0.528169,0.225352,0.253333,34777.48,1086.8
2023-09-01,2024-10-01,142,40,75,21,19,0.528169,0.28169,0.28,89819.26,2245.48
2023-09-01,2024-11-01,142,31,75,16,15,0.528169,0.21831,0.213333,56371.18,1818.43
2023-09-01,2024-12-01,142,32,75,15,17,0.528169,0.225352,0.2,43052.29,1345.38
2023-09-01,2025-01-01,142,24,75,16,8,0.528169,0.169014,0.213333,14545.83,606.08
2023-09-01,2025-02-01,142,27,75,14,13,0.528169,0.190141,0.186667,28520.71,1056.32
2023-09-01,2025-03-01,142,28,75,15,13,0.528169,0.197183,0.2,23700.92,846.46
2023-09-01,2025-04-01,142,20,75,12,8,0.528169,0.140845,0.16,35605.04,1780.25
2023-09-01,2025-05-01,142,17,75,9,8,0.528169,0.119718,0.12,38010.72,2235.92
2023-09-01,2025-06-01,142,18,75,8,10,0.528169,0.126761,0.106667,33323.25,1851.29
2023-09-01,2025-07-01,142,23,75,11,12,0.528169,0.161972,0.146667,19499.42,847.8
2023-09-01,2025-08-01,142,17,75,11,6,0.528169,0.119718,0.146667,21755.88,1279.76
2023-09-01,2025-09-01,142,15,75,8,7,0.528169,0.105634,0.106667,22220.04,1481.34
2023-09-01,2025-10-01,142,13,75,4,9,0.528169,0.091549,0.053333,26792.12,2060.93
2023-09-01,2025-11-01,142,11,75,7,4,0.528169,0.077465,0.093333,26405.21,2400.47
2023-09-01,2025-12-01,142,19,75,9,10,0.528169,0.133803,0.12,37923.21,1995.96
2023-10-01,2023-10-01,172,85,85,85,0,0.494186,0.494186,1.0,127029.39,1494.46
2023-10-01,2023-11-01,172,95,85,49,46,0.494186,0.552326,0.576471,103502.57,1089.5
2023-10-01,2023-12-01,172,72,85,34,38,0.494186,0.418605,0.4,115117.33,1598.85
2023-10-01,2024-01-01,172,62,85,32,30,0.494186,0.360465,0.376471,94968.02,1531.74
2023-10-01,2024-02-01,172,74,85,37,37,0.494186,0.430233,0.435294,121095.13,1636.42
2023-10-01,2024-03-01,172,64,85,29,35,0.494186,0.372093,0.341176,88255.54,1378.99
2023-10-01,2024-04-01,172,59,85,24,35,0.494186,0.343023,0.282353,78070.88,1323.24
2023-10-01,2024-05-01,172,53,85,25,28,0.494186,0.30814,0.294118,99657.35,1880.33
2023-10-01,2024-06-01,172,59,85,30,29,0.494186,0.343023,0.352941,98684.8,1672.62
2023-10-01,2024-07-01,172,46,85,26,20,0.494186,0.267442,0.305882,63687.12,1384.5
2023-10-01,2024-08-01,172,48,85,20,28,0.494186,0.27907,0.235294,66863.02,1392.98
2023-10-01,2024-09-01,172,38,85,21,17,0.494186,0.22093,0.247059,84191.01,2215.55
2023-10-01,2024-10-01,172,35,85,13,22,0.494186,0.203488,0.152941,83422.95,2383.51
2023-10-01,2024-11-01,172,36,85,14,22,0.494186,0.209302,0.164706,54232.79,1506.47
2023-10-01,2024-12-01,172,38,85,16,22,0.494186,0.22093,0.188235,76651.9,2017.16
2023-10-01,2025-01-01,172,33,85,14,19,0.494186,0.19186,0.164706,88567.89,2683.88
2023-10-01,2025-02-01,172,31,85,12,19,0.494186,0.180233,0.141176,62791.02,2025.52
2023-10-01,2025-03-01,172,34,85,13,21,0.494186,0.197674,0.152941,39564.87,1163.67
2023-10-01,2025-04-01,172,19,85,11,8,0.494186,0.110465,0.129412,35212.86,1853.31
2023-10-01,2025-05-01,172,25,85,9,16,0.494186,0.145349,0.105882,48426.76,1937.07
2023-10-01,2025-06-01,172,27,85,10,17,0.494186,0.156977,0.117647,55284.14,2047.56
2023-10-01,2025-07-01,172,21,85,12,9,0.494186,0.122093,0.141176,62189.2,2961.39
2023-10-01,2025-08-01,172,21,85,10,11,0.494186,0.122093,0.117647,12511.54,595.79
2023-10-01,2025-09-01,172,18,85,10,8,0.494186,0.104651,0.117647,23211.54,1289.53
2023-10-01,2025-10-01,172,15,85,8,7,0.494186,0.087209,0.094118,21092.74,1406.18
2023-10-01,2025-11-01,172,17,85,8,9,0.494186,0.098837,0.094118,65202.87,3835.46
2023-10-01,2025-12-01,172,13,85,7,6,0.494186,0.075581,0.082353,23425.39,1801.95
2023-11-01,2023-11-01,166,94,94,94,0,0.566265,0.566265,1.0,105557.02,1122.95
2023-11-01,2023-12-01,166,92,94,62,30,0.566265,0.554217,0.659574,98587.74,1071.61
2023-11-01,2024-01-01,166,78,94,45,33,0.566265,0.46988,0.478723,145710.86,1868.09
2023-11-01,2024-02-01,166,64,94,32,32,0.566265,0.385542,0.340426,125645.87,1963.22
2023-11-01,2024-03-01,166,62,94,35,27,0.566265,0.373494,0.37234,91761.47,1480.02
2023-11-01,2024-04-01,166,51,94,29,22,0.566265,0.307229,0.308511,58604.55,1149.11
2023-11-01,2024-05-01,166,49,94,28,21,0.566265,0.295181,0.297872,106114.95,2165.61
2023-11-01,2024-06-01,166,51,94,26,25,0.566265,0.307229,0.276596,56570.67,1109.23
2023-11-01,2024-07-01,166,51,94,30,21,0.566265,0.307229,0.319149,60712.95,1190.45
2023-11-01,2024-08-01,166,41,94,22,19,0.566265,0.246988,0.234043,46396.4,1131.62
2023-11-01,2024-09-01,166,48,94,27,21,0.566265,0.289157,0.287234,69325.68,1444.28
2023-11-01,2024-10-01,166,43,94,25,18,0.566265,0.259036,0.265957,56359.02,1310.67
2023-11-01,2024-11-01,166,40,94,24,16,0.566265,0.240964,0.255319,56239.68,1405.99
2023-11-01,2024-12-01,166,40,94,25,15,0.566265,0.240964,0.265957,57929.78,1448.24
2023-11-01,2025-01-01,166,32,94,20,12,0.566265,0.192771,0.212766,47125.07,1472.66
2023-11-01,2025-02-01,166,35,94,20,15,0.566265,0.210843,0.212766,39136.08,1118.17
2023-11-01,2025-03-01,166,31,94,17,14,0.566265,0.186747,0.180851,35906.86,1158.29
2023-11-01,2025-04-01,166,27,94,16,11,0.566265,0.162651,0.170213,37400.2,1385.19
2023-11-01,2025-05-01,166,30,94,19,11,0.566265,0.180723,0.202128,56874.69,1895.82
2023-11-01,2025-06-01,166,26,94,18,8,0.566265,0.156627,0.191489,27551.11,1059.66
2023-11-01,2025-07-01,166,26,94,15,11,0.566265,0.156627,0.159574,56969.66,2191.14
2023-11-01,2025-08-01,166,22,94,11,11,0.566265,0.13253,0.117021,30638.82,1392.67
2023-11-01,2025-09-01,166,20,94,11,9,0.566265,0.120482,0.117021,24047.29,1202.36
2023-11-01,2025-10-01,166,22,94,11,11,0.566265,0.13253,0.117021,30363.91,1380.18
2023-11-01,2025-11-01,166,12,94,7,5,0.566265,0.072289,0.074468,19882.59,1656.88
2023-11-01,2025-12-01,166,24,94,12,12,0.566265,0.144578,0.12766,22025.22,917.72
2023-12-01,2023-12-01,191,99,99,99,0,0.518325,0.518325,1.0,127136.19,1284.2
2023-12-01,2024-01-01,191,106,99,61,45,0.518325,0.554974,0.616162,96938.72,914.52
2023-12-01,2024-02-01,191,87,99,43,44,0.518325,0.455497,0.434343,137962.59,1585.78
2023-12-01,2024-03-01,191,89,99,49,40,0.518325,0.465969,0.494949,95926.55,1077.83
2023-12-01,2024-04-01,191,79,99,34,45,0.518325,0.413613,0.343434,95897.39,1213.89
2023-12-01,2024-05-01,191,56,99,30,26,0.518325,0.293194,0.30303,48878.92,872.84
2023-12-01,2024-06-01,191,65,99,32,33,0.518325,0.340314,0.323232,62054.19,954.68
2023-12-01,2024-07-01,191,55,99,30,25,0.518325,0.287958,0.30303,157900.77,2870.92
2023-12-01,2024-08-01,191,58,99,27,31,0.518325,0.303665,0.272727,111277.16,1918.57
2023-12-01,2024-09-01,191,50,99,25,25,0.518325,0.26178,0.252525,51545.38,1030.91
2023-12-01,2024-10-01,191,50,99,23,27,0.518325,0.26178,0.232323,44964.32,899.29
2023-12-01,2024-11-01,191,45,99,24,21,0.518325,0.235602,0.242424,48632.59,1080.72
2023-12-01,2024-12-01,191,38,99,17,21,0.518325,0.198953,0.171717,43512.74,1145.07
2023-12-01,2025-01-01,191,40,99,24,16,0.518325,0.209424,0.242424,43426.3,1085.66
2023-12-01,2025-02-01,191,30,99,15,15,0.518325,0.157068,0.151515,28195.65,939.86
2023-12-01,2025-03-01,191,27,99,15,12,0.518325,0.141361,0.151515,45613.06,1689.37
2023-12-01,2025-04-01,191,32,99,13,19,0.518325,0.167539,0.131313,45570.53,1424.08
2023-12-01,2025-05-01,191,32,99,14,18,0.518325,0.167539,0.141414,49999.95,1562.5
2023-12-01,2025-06-01,191,27,99,14,13,0.518325,0.141361,0.141414,21734.55,804.98
2023-12-01,2025-07-01,191,21,99,12,9,0.518325,0.109948,0.121212,33070.53,1574.79
2023-12-01,2025-08-01,191,29,99,13,16,0.518325,0.151832,0.131313,25365.83,874.68
2023-12-01,2025-09-01,191,25,99,11,14,0.518325,0.13089,0.111111,61715.01,2468.6
2023-12-01,2025-10-01,191,21,99,10,11,0.518325,0.109948,0.10101,20967.46,998.45
2023-12-01,2025-11-01,191,18,99,9,9,0.518325,0.094241,0.090909,9465.77,525.88
2023-12-01,2025-12-01,191,20,99,11,9,0.518325,0.104712,0.111111,45993.51,2299.68
2024-01-01,2024-01-01,194,106,106,106,0,0.546392,0.546392,1.0,99365.07,937.41
2024-01-01,2024-02-01,194,97,106,54,43,0.546392,0.5,0.509434,85335.03,879.74
2024-01-01,2024-03-01,194,88,106,53,35,0.546392,0.453608,0.5,79056.52,898.37
2024-01-01,2024-04-01,194,101,106,52,49,0.546392,0.520619,0.490566,128635.44,1273.62
2024-01-01,2024-05-01,194,83,106,49,34,0.546392,0.427835,0.462264,69362.73,835.7
2024-01-01,2024-06-01,194,69,106,36,33,0.546392,0.35567,0.339623,79269.67,1148.84
2024-01-01,2024-07-01,194,57,106,26,31,0.546392,0.293814,0.245283,62526.44,1096.96
2024-01-01,2024-08-01,194,48,106,22,26,0.546392,0.247423,0.207547,57077.94,1189.12
2024-01-01,2024-09-01,194,54,106,22,32,0.546392,0.278351,0.207547,75955.0,1406.57
2024-01-01,2024-10-01,194,57,106,33,24,0.546392,0.293814,0.311321,74221.66,1302.13
2024-01-01,2024-11-01,194,43,106,25,18,0.546392,0.221649,0.235849,55556.84,1292.02
2024-01-01,2024-12-01,194,38,106,22,16,0.546392,0.195876,0.207547,46840.36,1232.64
2024-01-01,2025-01-01,194,33,106,20,13,0.546392,0.170103,0.188679,46851.59,1419.75
2024-01-01,2025-02-01,194,41,106,21,20,0.546392,0.21134,0.198113,53930.62,1315.38
2024-01-01,2025-03-01,194,41,106,21,20,0.546392,0.21134,0.198113,58942.13,1437.61
2024-01-01,2025-04-01,194,30,106,13,17,0.546392,0.154639,0.122642,51758.8,1725.29
2024-01-01,2025-05-01,194,27,106,15,12,0.546392,0.139175,0.141509,31417.0,1163.59
2024-01-01,2025-06-01,194,23,106,10,13,0.546392,0.118557,0.09434,38060.6,1654.81
2024-01-01,2025-07-01,194,24,106,12,12,0.546392,0.123711,0.113208,33205.24,1383.55
2024-01-01,2025-08-01,194,30,106,15,15,0.546392,0.154639,0.141509,38414.98,1280.5
2024-01-01,2025-09-01,194,22,106,11,11,0.546392,0.113402,0.103774,25460.64,1157.3
2024-01-01,2025-10-01,194,20,106,10,10,0.546392,0.103093,0.09434,21309.99,1065.5
2024-01-01,2025-11-01,194,20,106,10,10,0.546392,0.103093,0.09434,22400.41,1120.02
2024-01-01,2025-12-01,194,24,106,10,14,0.546392,0.123711,0.09434,22962.61,956.78
2024-02-01,2024-02-01,204,100,100,100,0,0.490196,0.490196,1.0,196074.9,1960.75
2024-02-01,2024-03-01,204,112,100,50,62,0.490196,0.54902,0.5,162971.82,1455.11
2024-02-01,2024-04-01,204,96,100,48,48,0.490196,0.470588,0.48,112405.85,1170.89
2024-02-01,2024-05-01,204,102,100,49,53,0.490196,0.5,0.49,138357.34,1356.44
2024-02-01,2024-06-01,204,81,100,47,34,0.490196,0.397059,0.47,100856.97,1245.15
2024-02-01,2024-07-01,204,85,100,49,36,0.490196,0.416667,0.49,187800.49,2209.42
2024-02-01,2024-08-01,204,72,100,41,31,0.490196,0.352941,0.41,97403.12,1352.82
2024-02-01,2024-09-01,204,64,100,37,27,0.490196,0.313725,0.37,81172.85,1268.33
2024-02-01,2024-10-01,204,53,100,30,23,0.490196,0.259804,0.3,99406.03,1875.59
2024-02-01,2024-11-01,204,67,100,37,30,0.490196,0.328431,0.37,78706.19,1174.72
2024-02-01,2024-12-01,204,51,100,27,24,0.490196,0.25,0.27,77671.09,1522.96
2024-02-01,2025-01-01,204,48,100,27,21,0.490196,0.235294,0.27,75914.52,1581.55
2024-02-01,2025-02-01,204,44,100,24,20,0.490196,0.215686,0.24,81274.88,1847.16
2024-02-01,2025-03-01,204,47,100,24,23,0.490196,0.230392,0.24,66429.79,1413.4
2024-02-01,2025-04-01,204,35,100,17,18,0.490196,0.171569,0.17,37493.29,1071.24
2024-02-01,2025-05-01,204,33,100,14,19,0.490196,0.161765,0.14,32239.63,976.96
2024-02-01,2025-06-01,204,41,100,17,24,0.490196,0.20098,0.17,33708.19,822.15
2024-02-01,2025-07-01,204,32,100,14,18,0.490196,0.156863,0.14,28139.0,879.34
2024-02-01,2025-08-01,204,32,100,17,15,0.490196,0.156863,0.17,79148.22,2473.38
2024-02-01,2025-09-01,204,31,100,19,12,0.490196,0.151961,0.19,31926.51,1029.89
2024-02-01,2025-10-01,204,29,100,12,17,0.490196,0.142157,0.12,28376.52,978.5
2024-02-01,2025-11-01,204,26,100,13,13,0.490196,0.127451,0.13,39254.53,1509.79
2024-02-01,2025-12-01,204,31,100,19,12,0.490196,0.151961,0.19,20970.07,676.45
2024-03-01,2024-03-01,246,148,148,148,0,0.601626,0.601626,1.0,165808.32,1120.33
2024-03-01,2024-04-01,246,123,148,77,46,0.601626,0.5,0.52027,129241.84,1050.75
2024-03-01,2024-05-01,246,110,148,67,43,0.601626,0.447154,0.452703,137457.1,1249.61
2024-03-01,2024-06-01,246,102,148,70,32,0.601626,0.414634,0.472973,122510.05,1201.08
2024-03-01,2024-07-01,246,99,148,62,37,0.601626,0.402439,0.418919,161470.4,1631.01
2024-03-01,2024-08-01,246,87,148,55,32,0.601626,0.353659,0.371622,126813.04,1457.62
2024-03-01,2024-09-01,246,90,148,59,31,0.601626,0.365854,0.398649,136445.59,1516.06
2024-03-01,2024-10-01,246,88,148,54,34,0.601626,0.357724,0.364865,108333.76,1231.07
2024-03-01,2024-11-01,246,67,148,38,29,0.601626,0.272358,0.256757,94453.59,1409.76
2024-03-01,2024-12-01,246,72,148,48,24,0.601626,0.292683,0.324324,90682.89,1259.48
2024-03-01,2025-01-01,246,58,148,34,24,0.601626,0.235772,0.22973,69566.33,1199.42
2024-03-01,2025-02-01,246,59,148,34,25,0.601626,0.239837,0.22973,59396.39,1006.72
2024-03-01,2025-03-01,246,60,148,40,20,0.601626,0.243902,0.27027,63402.68,1056.71
2024-03-01,2025-04-01,246,53,148,36,17,0.601626,0.215447,0.243243,66233.35,1249.69
2024-03-01,2025-05-01,246,58,148,37,21,0.601626,0.235772,0.25,101780.61,1754.84
2024-03-01,2025-06-01,246,43,148,25,18,0.601626,0.174797,0.168919,64895.7,1509.2
2024-03-01,2025-07-01,246,52,148,30,22,0.601626,0.211382,0.202703,103820.54,1996.55
2024-03-01,2025-08-01,246,34,148,22,12,0.601626,0.138211,0.148649,33871.58,996.22
2024-03-01,2025-09-01,246,45,148,31,14,0.601626,0.182927,0.209459,115882.62,2575.17
2024-03-01,2025-10-01,246,33,148,22,11,0.601626,0.134146,0.148649,62121.33,1882.46
2024-03-01,2025-11-01,246,27,148,11,16,0.601626,0.109756,0.074324,31468.4,1165.5
2024-03-01,2025-12-01,246,34,148,20,14,0.601626,0.138211,0.135135,76755.92,2257.53
2024-04-01,2024-04-01,253,132,132,132,0,0.521739,0.521739,1.0,110781.57,839.25
2024-04-01,2024-05-01,253,131,132,78,53,0.521739,0.517787,0.590909,181371.71,1384.52
2024-04-01,2024-06-01,253,104,132,48,56,0.521739,0.411067,0.363636,150764.58,1449.66
2024-04-01,2024-07-01,253,97,132,49,48,0.521739,0.383399,0.371212,122246.79,1260.28
2024-04-01,2024-08-01,253,99,132,51,48,0.521739,0.391304,0.386364,140341.43,1417.59
2024-04-01,2024-09-01,253,108,132,57,51,0.521739,0.426877,0.431818,96901.1,897.23
2024-04-01,2024-10-01,253,79,132,42,37,0.521739,0.312253,0.318182,71283.31,902.32
2024-04-01,2024-11-01,253,89,132,52,37,0.521739,0.351779,0.393939,137055.61,1539.95
2024-04-01,2024-12-01,253,75,132,48,27,0.521739,0.296443,0.363636,134599.4,1794.66
2024-04-01,2025-01-01,253,82,132,51,31,0.521739,0.324111,0.386364,157963.73,1926.39
2024-04-01,2025-02-01,253,66,132,40,26,0.521739,0.26087,0.30303,105341.67,1596.09
2024-04-01,2025-03-01,253,69,132,42,27,0.521739,0.272727,0.318182,93649.35,1357.24
2024-04-01,2025-04-01,253,64,132,35,29,0.521739,0.252964,0.265152,115066.01,1797.91
2024-04-01,2025-05-01,253,62,132,34,28,0.521739,0.245059,0.257576,89164.27,1438.13
2024-04-01,2025-06-01,253,49,132,28,21,0.521739,0.193676,0.212121,52940.66,1080.42
2024-04-01,2025-07-01,253,50,132,29,21,0.521739,0.197628,0.219697,57015.87,1140.32
2024-04-01,2025-08-01,253,45,132,30,15,0.521739,0.177866,0.227273,58058.56,1290.19
2024-04-01,2025-09-01,253,53,132,35,18,0.521739,0.209486,0.265152,64765.86,1222.0
2024-04-01,2025-10-01,253,46,132,27,19,0.521739,0.181818,0.204545,45894.67,997.71
2024-04-01,2025-11-01,253,50,132,31,19,0.521739,0.197628,0.234848,49123.44,982.47
2024-04-01,2025-12-01,253,52,132,31,21,0.521739,0.205534,0.234848,70265.56,1351.26
2024-05-01,2024-05-01,250,135,135,135,0,0.54,0.54,1.0,212980.05,1577.63
2024-05-01,2024-06-01,250,115,135,68,47,0.54,0.46,0.503704,200646.84,1744.76
2024-05-01,2024-07-01,250,114,135,67,47,0.54,0.456,0.496296,115557.02,1013.66
2024-05-01,2024-08-01,250,113,135,63,50,0.54,0.452,0.466667,197610.54,1748.77
2024-05-01,2024-09-01,250,98,135,51,47,0.54,0.392,0.377778,161152.79,1644.42
2024-05-01,2024-10-01,250,95,135,51,44,0.54,0.38,0.377778,115760.56,1218.53
2024-05-01,2024-11-01,250,81,135,39,42,0.54,0.324,0.288889,86254.36,1064.87
2024-05-01,2024-12-01,250,79,135,41,38,0.54,0.316,0.303704,93477.44,1183.26
2024-05-01,2025-01-01,250,71,135,41,30,0.54,0.284,0.303704,130201.75,1833.83
2024-05-01,2025-02-01,250,78,135,39,39,0.54,0.312,0.288889,134253.12,1721.19
2024-05-01,2025-03-01,250,60,135,29,31,0.54,0.24,0.214815,106687.28,1778.12
2024-05-01,2025-04-01,250,60,135,30,30,0.54,0.24,0.222222,86694.31,1444.91
2024-05-01,2025-05-01,250,58,135,34,24,0.54,0.232,0.251852,66439.63,1145.51
2024-05-01,2025-06-01,250,59,135,27,32,0.54,0.236,0.2,55269.59,936.77
2024-05-01,2025-07-01,250,45,135,24,21,0.54,0.18,0.177778,67091.85,1490.93
2024-05-01,2025-08-01,250,48,135,23,25,0.54,0.192,0.17037,48733.18,1015.27
2024-05-01,2025-09-01,250,35,135,21,14,0.54,0.14,0.155556,34966.41,999.04
2024-05-01,2025-10-01,250,38,135,23,15,0.54,0.152,0.17037,50078.46,1317.85
2024-05-01,2025-11-01,250,34,135,24,10,0.54,0.136,0.177778,42687.3,1255.51
2024-05-01,2025-12-01,250,35,135,21,14,0.54,0.14,0.155556,69746.23,1992.75
2024-06-01,2024-06-01,236,123,123,123,0,0.521186,0.521186,1.0,152006.23,1235.82
2024-06-01,2024-07-01,236,110,123,67,43,0.521186,0.466102,0.544715,144160.07,1310.55
2024-06-01,2024-08-01,236,106,123,59,47,0.521186,0.449153,0.479675,166028.39,1566.31
2024-06-01,2024-09-01,236,103,123,57,46,0.521186,0.436441,0.463415,220296.42,2138.8
2024-06-01,2024-10-01,236,92,123,48,44,0.521186,0.389831,0.390244,139190.61,1512.94
2024-06-01,2024-11-01,236,77,123,43,34,0.521186,0.326271,0.349593,102737.0,1334.25
2024-06-01,2024-12-01,236,95,123,51,44,0.521186,0.402542,0.414634,136486.41,1436.7
2024-06-01,2025-01-01,236,72,123,42,30,0.521186,0.305085,0.341463,81237.88,1128.3
2024-06-01,2025-02-01,236,70,123,36,34,0.521186,0.29661,0.292683,100901.8,1441.45
2024-06-01,2025-03-01,236,71,123,45,26,0.521186,0.300847,0.365854,100296.66,1412.63
2024-06-01,2025-04-01,236,61,123,34,27,0.521186,0.258475,0.276423,127931.42,2097.24
2024-06-01,2025-05-01,236,53,123,32,21,0.521186,0.224576,0.260163,50393.74,950.83
2024-06-01,2025-06-01,236,52,123,26,26,0.521186,0.220339,0.211382,102012.17,1961.77
2024-06-01,2025-07-01,236,59,123,30,29,0.521186,0.25,0.243902,84546.17,1432.99
2024-06-01,2025-08-01,236,53,123,29,24,0.521186,0.224576,0.235772,87228.82,1645.83
2024-06-01,2025-09-01,236,52,123,30,22,0.521186,0.220339,0.243902,95586.3,1838.2
2024-06-01,2025-10-01,236,46,123,26,20,0.521186,0.194915,0.211382,112995.5,2456.42
2024-06-01,2025-11-01,236,45,123,21,24,0.521186,0.190678,0.170732,65725.7,1460.57
2024-06-01,2025-12-01,236,42,123,21,21,0.521186,0.177966,0.170732,54113.31,1288.41
2024-07-01,2024-07-01,217,117,117,117,0,0.539171,0.539171,1.0,199878.18,1708.36
2024-07-01,2024-08-01,217,114,117,63,51,0.539171,0.525346,0.538462,137925.59,1209.87
2024-07-01,2024-09-01,217,104,117,55,49,0.539171,0.479263,0.470085,138327.31,1330.07
2024-07-01,2024-10-01,217,106,117,58,48,0.539171,0.488479,0.495726,168952.22,1593.89
2024-07-01,2024-11-01,217,88,117,44,44,0.539171,0.40553,0.376068,144911.59,1646.72
2024-07-01,2024-12-01,217,95,117,47,48,0.539171,0.437788,0.401709,112307.98,1182.19
2024-07-01,2025-01-01,217,71,117,35,36,0.539171,0.327189,0.299145,69730.34,982.12
2024-07-01,2025-02-01,217,70,117,33,37,0.539171,0.322581,0.282051,74409.94,1063.0
2024-07-01,2025-03-01,217,70,117,33,37,0.539171,0.322581,0.282051,145162.35,2073.75
2024-07-01,2025-04-01,217,58,117,32,26,0.539171,0.267281,0.273504,83729.14,1443.61
2024-07-01,2025-05-01,217,60,117,37,23,0.539171,0.276498,0.316239,75676.93,1261.28
2024-07-01,2025-06-01,217,48,117,22,26,0.539171,0.221198,0.188034,78004.69,1625.1
2024-07-01,2025-07-01,217,46,117,22,24,0.539171,0.211982,0.188034,72216.32,1569.92
2024-07-01,2025-08-01,217,44,117,20,24,0.539171,0.202765,0.17094,65030.13,1477.96
2024-07-01,2025-09-01,217,37,117,16,21,0.539171,0.170507,0.136752,88565.59,2393.66
2024-07-01,2025-10-01,217,24,117,10,14,0.539171,0.110599,0.08547,33812.64,1408.86
2024-07-01,2025-11-01,217,42,117,19,23,0.539171,0.193548,0.162393,42116.54,1002.77
2024-07-01,2025-12-01,217,28,117,8,20,0.539171,0.129032,0.068376,53561.86,1912.92
2024-08-01,2024-08-01,234,122,122,122,0,0.521368,0.521368,1.0,196233.85,1608.47
2024-08-01,2024-09-01,234,113,122,58,55,0.521368,0.482906,0.47541,145209.19,1285.04
2024-08-01,2024-10-01,234,108,122,61,47,0.521368,0.461538,0.5,125851.55,1165.29
2024-08-01,2024-11-01,234,91,122,47,44,0.521368,0.388889,0.385246,149212.06,1639.69
2024-08-01,2024-12-01,234,90,122,53,37,0.521368,0.384615,0.434426,117428.0,1304.76
2024-08-01,2025-01-01,234,96,122,58,38,0.521368,0.410256,0.47541,226558.96,2359.99
2024-08-01,2025-02-01,234,91,122,49,42,0.521368,0.388889,0.401639,139939.92,1537.8
2024-08-01,2025-03-01,234,72,122,39,33,0.521368,0.307692,0.319672,125196.56,1738.84
2024-08-01,2025-04-01,234,70,122,37,33,0.521368,0.299145,0.303279,92001.14,1314.3
2024-08-01,2025-05-01,234,65,122,39,26,0.521368,0.277778,0.319672,117578.88,1808.91
2024-08-01,2025-06-01,234,57,122,36,21,0.521368,0.24359,0.295082,102129.66,1791.75
2024-08-01,2025-07-01,234,50,122,29,21,0.521368,0.213675,0.237705,72342.93,1446.86
2024-08-01,2025-08-01,234,45,122,21,24,0.521368,0.192308,0.172131,61896.28,1375.47
2024-08-01,2025-09-01,234,40,122,23,17,0.521368,0.17094,0.188525,125123.28,3128.08
2024-08-01,2025-10-01,234,38,122,22,16,0.521368,0.162393,0.180328,54598.62,1436.81
2024-08-01,2025-11-01,234,29,122,21,8,0.521368,0.123932,0.172131,67496.26,2327.46
2024-08-01,2025-12-01,234,37,122,24,13,0.521368,0.15812,0.196721,55022.1,1487.08
2024-09-01,2024-09-01,221,97,97,97,0,0.438914,0.438914,1.0,126538.53,1304.52
2024-09-01,2024-10-01,221,99,97,51,48,0.438914,0.447964,0.525773,123452.09,1246.99
2024-09-01,2024-11-01,221,113,97,52,61,0.438914,0.511312,0.536082,91645.24,811.02
2024-09-01,2024-12-01,221,97,97,39,58,0.438914,0.438914,0.402062,99090.21,1021.55
2024-09-01,2025-01-01,221,99,97,46,53,0.438914,0.447964,0.474227,100527.1,1015.43
2024-09-01,2025-02-01,221,88,97,41,47,0.438914,0.39819,0.42268,117101.43,1330.7
2024-09-01,2025-03-01,221,85,97,35,50,0.438914,0.384615,0.360825,72626.6,854.43
2024-09-01,2025-04-01,221,74,97,31,43,0.438914,0.334842,0.319588,89581.87,1210.57
2024-09-01,2025-05-01,221,72,97,32,40,0.438914,0.325792,0.329897,94047.14,1306.21
2024-09-01,2025-06-01,221,63,97,26,37,0.438914,0.285068,0.268041,100093.97,1588.79
2024-09-01,2025-07-01,221,58,97,29,29,0.438914,0.262443,0.298969,81893.77,1411.96
2024-09-01,2025-08-01,221,53,97,26,27,0.438914,0.239819,0.268041,74148.77,1399.03
2024-09-01,2025-09-01,221,53,97,26,27,0.438914,0.239819,0.268041,65887.52,1243.16
2024-09-01,2025-10-01,221,37,97,18,19,0.438914,0.167421,0.185567,44858.9,1212.4
2024-09-01,2025-11-01,221,45,97,20,25,0.438914,0.20362,0.206186,50983.48,1132.97
2024-09-01,2025-12-01,221,42,97,21,21,0.438914,0.190045,0.216495,63311.02,1507.41
2024-10-01,2024-10-01,249,134,134,134,0,0.538153,0.538153,1.0,258957.3,1932.52
2024-10-01,2024-11-01,249,125,134,70,55,0.538153,0.502008,0.522388,179443.07,1435.54
2024-10-01,2024-12-01,249,121,134,64,57,0.538153,0.485944,0.477612,154302.54,1275.23
2024-10-01,2025-01-01,249,115,134,67,48,0.538153,0.461847,0.5,167917.87,1460.16
2024-10-01,2025-02-01,249,100,134,54,46,0.538153,0.401606,0.402985,172263.67,1722.64
2024-10-01,2025-03-01,249,94,134,50,44,0.538153,0.37751,0.373134,140590.32,1495.64
2024-10-01,2025-04-01,249,88,134,51,37,0.538153,0.353414,0.380597,181948.33,2067.59
2024-10-01,2025-05-01,249,74,134,51,23,0.538153,0.297189,0.380597,113032.32,1527.46
2024-10-01,2025-06-01,249,79,134,43,36,0.538153,0.317269,0.320896,148643.09,1881.56
2024-10-01,2025-07-01,249,79,134,39,40,0.538153,0.317269,0.291045,118183.97,1496.0
2024-10-01,2025-08-01,249,52,134,31,21,0.538153,0.208835,0.231343,68583.42,1318.91
2024-10-01,2025-09-01,249,63,134,36,27,0.538153,0.253012,0.268657,93346.32,1481.69
2024-10-01,2025-10-01,249,57,134,31,26,0.538153,0.228916,0.231343,85605.09,1501.84
2024-10-01,2025-11-01,249,60,134,31,29,0.538153,0.240964,0.231343,100741.53,1679.03
2024-10-01,2025-12-01,249,57,134,34,23,0.538153,0.228916,0.253731,87560.51,1536.15
2024-11-01,2024-11-01,238,120,120,120,0,0.504202,0.504202,1.0,147714.59,1230.95
2024-11-01,2024-12-01,238,124,120,61,63,0.504202,0.521008,0.508333,152862.05,1232.76
2024-11-01,2025-01-01,238,104,120,44,60,0.504202,0.436975,0.366667,122625.49,1179.09
2024-11-01,2025-02-01,238,98,120,48,50,0.504202,0.411765,0.4,169428.9,1728.87
2024-11-01,2025-03-01,238,89,120,45,44,0.504202,0.37395,0.375,117016.54,1314.79
2024-11-01,2025-04-01,238,97,120,50,47,0.504202,0.407563,0.416667,118425.73,1220.88
2024-11-01,2025-05-01,238,78,120,43,35,0.504202,0.327731,0.358333,86598.78,1110.24
2024-11-01,2025-06-01,238,56,120,25,31,0.504202,0.235294,0.208333,172281.14,3076.45
2024-11-01,2025-07-01,238,66,120,36,30,0.504202,0.277311,0.3,118819.16,1800.29
2024-11-01,2025-08-01,238,65,120,38,27,0.504202,0.273109,0.316667,93067.88,1431.81
2024-11-01,2025-09-01,238,52,120,33,19,0.504202,0.218487,0.275,58142.58,1118.13
2024-11-01,2025-10-01,238,42,120,22,20,0.504202,0.176471,0.183333,47421.57,1129.08
2024-11-01,2025-11-01,238,42,120,23,19,0.504202,0.176471,0.191667,69340.99,1650.98
2024-11-01,2025-12-01,238,40,120,26,14,0.504202,0.168067,0.216667,87723.64,2193.09
2024-12-01,2024-12-01,280,149,149,149,0,0.532143,0.532143,1.0,189172.22,1269.61
2024-12-01,2025-01-01,280,145,149,81,64,0.532143,0.517857,0.543624,163749.67,1129.31
2024-12-01,2025-02-01,280,123,149,69,54,0.532143,0.439286,0.463087,181088.31,1472.26
2024-12-01,2025-03-01,280,126,149,74,52,0.532143,0.45,0.496644,225678.38,1791.1
2024-12-01,2025-04-01,280,110,149,55,55,0.532143,0.392857,0.369128,109275.54,993.41
2024-12-01,2025-05-01,280,103,149,57,46,0.532143,0.367857,0.38255,121210.25,1176.8
2024-12-01,2025-06-01,280,88,149,47,41,0.532143,0.314286,0.315436,141872.01,1612.18
2024-12-01,2025-07-01,280,82,149,44,38,0.532143,0.292857,0.295302,95038.2,1159.0
2024-12-01,2025-08-01,280,88,149,51,37,0.532143,0.314286,0.342282,144854.72,1646.08
2024-12-01,2025-09-01,280,72,149,43,29,0.532143,0.257143,0.288591,87765.64,1218.97
2024-12-01,2025-10-01,280,70,149,36,34,0.532143,0.25,0.241611,175780.74,2511.15
2024-12-01,2025-11-01,280,61,149,33,28,0.532143,0.217857,0.221477,90102.19,1477.09
2024-12-01,2025-12-01,280,65,149,36,29,0.532143,0.232143,0.241611,119679.02,1841.22
2025-01-01,2025-01-01,297,152,152,152,0,0.511785,0.511785,1.0,233470.12,1535.99
2025-01-01,2025-02-01,297,140,152,79,61,0.511785,0.47138,0.519737,132995.26,949.97
2025-01-01,2025-03-01,297,122,152,61,61,0.511785,0.410774,0.401316,132658.15,1087.36
2025-01-01,2025-04-01,297,136,152,67,69,0.511785,0.457912,0.440789,166796.67,1226.45
2025-01-01,2025-05-01,297,105,152,55,50,0.511785,0.353535,0.361842,120363.09,1146.32
2025-01-01,2025-06-01,297,118,152,64,54,0.511785,0.397306,0.421053,117751.27,997.89
2025-01-01,2025-07-01,297,93,152,48,45,0.511785,0.313131,0.315789,137830.73,1482.05
2025-01-01,2025-08-01,297,78,152,42,36,0.511785,0.262626,0.276316,114760.57,1471.29
2025-01-01,2025-09-01,297,85,152,44,41,0.511785,0.286195,0.289474,113311.75,1333.08
2025-01-01,2025-10-01,297,73,152,42,31,0.511785,0.245791,0.276316,145471.72,1992.76
2025-01-01,2025-11-01,297,66,152,37,29,0.511785,0.222222,0.243421,76659.4,1161.51
2025-01-01,2025-12-01,297,66,152,40,26,0.511785,0.222222,0.263158,120382.57,1823.98
2025-02-01,2025-02-01,327,173,173,173,0,0.529052,0.529052,1.0,218401.78,1262.44
2025-02-01,2025-03-01,327,162,173,84,78,0.529052,0.495413,0.485549,228401.25,1409.88
2025-02-01,2025-04-01,327,160,173,86,74,0.529052,0.489297,0.49711,183982.81,1149.89
2025-02-01,2025-05-01,327,144,173,83,61,0.529052,0.440367,0.479769,167187.63,1161.03
2025-02-01,2025-06-01,327,133,173,78,55,0.529052,0.406728,0.450867,230380.78,1732.19
2025-02-01,2025-07-01,327,127,173,66,61,0.529052,0.388379,0.381503,136218.51,1072.59
2025-02-01,2025-08-01,327,118,173,70,48,0.529052,0.360856,0.404624,205478.78,1741.35
2025-02-01,2025-09-01,327,103,173,61,42,0.529052,0.314985,0.352601,116689.4,1132.91
2025-02-01,2025-10-01,327,97,173,59,38,0.529052,0.296636,0.34104,168126.83,1733.27
2025-02-01,2025-11-01,327,87,173,55,32,0.529052,0.266055,0.317919,104166.27,1197.31
2025-02-01,2025-12-01,327,93,173,52,41,0.529052,0.284404,0.300578,127754.43,1373.7
2025-03-01,2025-03-01,394,225,225,225,0,0.571066,0.571066,1.0,346115.09,1538.29
2025-03-01,2025-04-01,394,195,225,124,71,0.571066,0.494924,0.551111,311488.2,1597.38
2025-03-01,2025-05-01,394,175,225,111,64,0.571066,0.444162,0.493333,234898.78,1342.28
2025-03-01,2025-06-01,394,169,225,93,76,0.571066,0.428934,0.413333,259833.08,1537.47
2025-03-01,2025-07-01,394,137,225,82,55,0.571066,0.347716,0.364444,185379.09,1353.13
2025-03-01,2025-08-01,394,148,225,91,57,0.571066,0.375635,0.404444,171449.58,1158.44
2025-03-01,2025-09-01,394,130,225,75,55,0.571066,0.329949,0.333333,221555.48,1704.27
2025-03-01,2025-10-01,394,117,225,70,47,0.571066,0.296954,0.311111,177170.61,1514.28
2025-03-01,2025-11-01,394,95,225,60,35,0.571066,0.241117,0.266667,99525.53,1047.64
2025-03-01,2025-12-01,394,109,225,65,44,0.571066,0.27665,0.288889,202130.98,1854.41
2025-04-01,2025-04-01,380,211,211,211,0,0.555263,0.555263,1.0,287245.78,1361.35
2025-04-01,2025-05-01,380,191,211,112,79,0.555263,0.502632,0.530806,249560.14,1306.6
2025-04-01,2025-06-01,380,170,211,97,73,0.555263,0.447368,0.459716,212160.44,1248.0
2025-04-01,2025-07-01,380,164,211,96,68,0.555263,0.431579,0.454976,160681.63,979.77
2025-04-01,2025-08-01,380,145,211,85,60,0.555263,0.381579,0.402844,191235.98,1318.87
2025-04-01,2025-09-01,380,134,211,72,62,0.555263,0.352632,0.341232,165215.45,1232.95
2025-04-01,2025-10-01,380,135,211,79,56,0.555263,0.355263,0.374408,123613.54,915.66
2025-04-01,2025-11-01,380,116,211,71,45,0.555263,0.305263,0.336493,147064.13,1267.79
2025-04-01,2025-12-01,380,101,211,57,44,0.555263,0.265789,0.270142,98732.88,977.55
2025-05-01,2025-05-01,372,186,186,186,0,0.5,0.5,1.0,198877.68,1069.23
2025-05-01,2025-06-01,372,199,186,98,101,0.5,0.534946,0.526882,184885.31,929.07
2025-05-01,2025-07-01,372,169,186,88,81,0.5,0.454301,0.473118,201330.87,1191.31
2025-05-01,2025-08-01,372,150,186,66,84,0.5,0.403226,0.354839,223901.56,1492.68
2025-05-01,2025-09-01,372,116,186,67,49,0.5,0.311828,0.360215,205886.02,1774.88
2025-05-01,2025-10-01,372,137,186,67,70,0.5,0.36828,0.360215,155686.22,1136.4
2025-05-01,2025-11-01,372,129,186,62,67,0.5,0.346774,0.333333,137826.17,1068.42
2025-05-01,2025-12-01,372,121,186,62,59,0.5,0.325269,0.333333,123511.03,1020.75
2025-06-01,2025-06-01,366,185,185,185,0,0.505464,0.505464,1.0,248261.72,1341.96
2025-06-01,2025-07-01,366,192,185,100,92,0.505464,0.52459,0.540541,237231.79,1235.58
2025-06-01,2025-08-01,366,166,185,89,77,0.505464,0.453552,0.481081,139860.36,842.53
2025-06-01,2025-09-01,366,163,185,86,77,0.505464,0.445355,0.464865,181460.95,1113.26
2025-06-01,2025-10-01,366,138,185,82,56,0.505464,0.377049,0.443243,167527.68,1213.97
2025-06-01,2025-11-01,366,114,185,65,49,0.505464,0.311475,0.351351,140445.31,1231.98
2025-06-01,2025-12-01,366,107,185,66,41,0.505464,0.29235,0.356757,138788.01,1297.08
2025-07-01,2025-07-01,356,199,199,199,0,0.558989,0.558989,1.0,282178.43,1417.98
2025-07-01,2025-08-01,356,177,199,97,80,0.558989,0.497191,0.487437,309623.66,1749.29
2025-07-01,2025-09-01,356,161,199,96,65,0.558989,0.452247,0.482412,246176.39,1529.05
2025-07-01,2025-10-01,356,154,199,85,69,0.558989,0.432584,0.427136,249452.42,1619.82
2025-07-01,2025-11-01,356,134,199,77,57,0.558989,0.376404,0.386935,150928.06,1126.33
2025-07-01,2025-12-01,356,128,199,78,50,0.558989,0.359551,0.39196,169402.67,1323.46
2025-08-01,2025-08-01,360,185,185,185,0,0.513889,0.513889,1.0,224962.95,1216.02
2025-08-01,2025-09-01,360,174,185,95,79,0.513889,0.483333,0.513514,185900.94,1068.4
2025-08-01,2025-10-01,360,161,185,85,76,0.513889,0.447222,0.459459,203626.26,1264.76
2025-08-01,2025-11-01,360,144,185,77,67,0.513889,0.4,0.416216,234700.47,1629.86
2025-08-01,2025-12-01,360,138,185,72,66,0.513889,0.383333,0.389189,182760.36,1324.35
2025-09-01,2025-09-01,334,168,168,168,0,0.502994,0.502994,1.0,196178.53,1167.73
2025-09-01,2025-10-01,334,176,168,88,88,0.502994,0.526946,0.52381,241899.31,1374.43
2025-09-01,2025-11-01,334,126,168,69,57,0.502994,0.377246,0.410714,159076.97,1262.52
2025-09-01,2025-12-01,334,146,168,69,77,0.502994,0.437126,0.410714,173869.18,1190.88
2025-10-01,2025-10-01,349,176,176,176,0,0.504298,0.504298,1.0,242322.41,1376.83
2025-10-01,2025-11-01,349,179,176,99,80,0.504298,0.512894,0.5625,281371.99,1571.91
2025-10-01,2025-12-01,349,163,176,86,77,0.504298,0.467049,0.488636,198000.28,1214.73
2025-11-01,2025-11-01,380,189,189,189,0,0.497368,0.497368,1.0,280175.42,1482.41
2025-11-01,2025-12-01,380,192,189,103,89,0.497368,0.505263,0.544974,218134.6,1136.12
2025-12-01,2025-12-01,439,232,232,232,0,0.528474,0.528474,1.0,284620.06,1226.81
